[
    {
        "quote": "The greatest glory in living lies not in never falling, but in rising every time we fall.",
        "quotee": "Nelson Mandela"
    },
    {
        "quote": "The way to get started is to quit talking and begin doing.",
        "quotee": "Walt Disney"
    },
    {
        "quote": "Your time is limited, so don't waste it living someone else's life. Don't be trapped by dogma – which is living with the results of other people's thinking.",
        "quotee": "Steve Jobs"
    },
    {
        "quote": "If life were predictable it would cease to be life, and be without flavor.",
        "quotee": "Eleanor Roosevelt"
    },
    {
        "quote": "If you look at what you have in life, you'll always have more. If you look at what you don't have in life, you'll never have enough.",
        "quotee": "Oprah Winfrey"
    },
    {
        "quote": "If you set your goals ridiculously high and it's a failure, you will fail above everyone else's success. ",
        "quotee": "James Cameron"
    },
    {
        "quote": "Life is what happens when you're busy making other plans.",
        "quotee": "John Lennon"
    },
    {
        "quote": "Think I'll miss you forever Like the stars miss the sun in the mornin' sky",
        "quotee": "lana del rey"
    }
]